S17Nm,PBR,ROE,margin,turnover,leverage,n
情報通信・サービスその他,1.957687665264423,0.1273661767037653,0.08454968104659963,0.8732989314092611,1.5875127075567603,161
電機・精密,1.7039400620820886,0.08765985584870727,0.06649402963602359,0.7602002468521326,1.657814669305527,115
小売,1.6217532388750444,0.08894983479819465,0.03125988164611284,1.4247075550959736,2.0576873002722214,47
機械,1.217396058647844,0.07944430484270358,0.07131488469012817,0.6949947062215084,1.4747288032169041,76
建設・資材,1.2106807535795026,0.09745084275902512,0.05992631681477789,0.8462986788494791,1.7787128371387184,93
不動産,1.1324977729271524,0.10343037418633441,0.07030778091505471,0.5891046644931013,3.082669515985926,27
医薬品,1.0543054055540733,0.07754053153722812,0.09165894991555151,0.5451920993149902,1.604334748967811,22
食品,1.040381082547288,0.08228316920067236,0.04104934646554472,1.0668732932049476,1.7308936918221405,47
商社・卸売,1.0154670486461999,0.0871000428292367,0.030308154375115748,1.4351650279498895,2.1115231539032058,91
運輸・物流,0.9754574805774604,0.08608910615977297,0.0801626619553499,0.46299703440496587,2.241849420261176,49
素材・化学,0.9534202853002961,0.06538871693500144,0.0574162460159431,0.7067861888174669,1.650309511589664,97
鉄鋼・非鉄,0.8828015334352595,0.07118203220349384,0.04447576094555183,0.8340033184836662,1.7763966427743898,36
エネルギー資源,0.7999551052616487,0.08513760941585914,0.027645465199571853,0.7221677835377418,2.698789681803681,7
自動車・輸送機,0.7569814898801358,0.07415776729715759,0.03951830827544932,0.9752960143885475,1.9753586435367196,41
電気・ガス,0.6488444808751553,0.0845777672944483,0.04951279752338741,0.43927608948094915,2.852141744525746,21
